Age Group,Order,Genre,Artist,Listening Time
"I am 18, 19, 20, 21, 22, 23, or 24 years old",1,Dance Pop,The Weeknd,22844
"I am 18, 19, 20, 21, 22, 23, or 24 years old",2,Reggaeton,Doja Cat,22844
"I am 18, 19, 20, 21, 22, 23, or 24 years old",3,Trap Queen,Bad Bunny,22844
"I am 18, 19, 20, 21, 22, 23, or 24 years old",4,Canadian Pop,Butcher Babies,22844
"I am 18, 19, 20, 21, 22, 23, or 24 years old",5,Groove Metal,Nicki Minaj,22844
"I am 18, 19, 20, 21, 22, 23, or 24 years old",1,Riot Grrrl,Abba,38135
"I am 18, 19, 20, 21, 22, 23, or 24 years old",2,Indie Pop,Lana Del Rey ,38135
"I am 18, 19, 20, 21, 22, 23, or 24 years old",3,Classic Rock,Lorde,38135
"I am 18, 19, 20, 21, 22, 23, or 24 years old",4,Metropopolis ,Blondie,38135
"I am 18, 19, 20, 21, 22, 23, or 24 years old",5,Dance Pop,Marina,38135
"I am 18, 19, 20, 21, 22, 23, or 24 years old",1,Chill Pop,Big Time Rush,16930
"I am 18, 19, 20, 21, 22, 23, or 24 years old",2,Melodic Rap,Juice Wrld,16930
"I am 18, 19, 20, 21, 22, 23, or 24 years old",3,Dance Pop,Michael Bublé,16930
"I am 18, 19, 20, 21, 22, 23, or 24 years old",4,Pop Rap,Post Malone,16930
"I am 18, 19, 20, 21, 22, 23, or 24 years old",5,Big Band,Lil Uzi Vert,16930
"I am 18, 19, 20, 21, 22, 23, or 24 years old",1,Alternative R&B,Drake,94917
"I am 18, 19, 20, 21, 22, 23, or 24 years old",2,Dance Pop,Miguel,94917
"I am 18, 19, 20, 21, 22, 23, or 24 years old",3,Neo Soul,Sir,94917
"I am 18, 19, 20, 21, 22, 23, or 24 years old",4,Pop Rap,Jhene Aiko,94917
"I am 18, 19, 20, 21, 22, 23, or 24 years old",5,Alternative Hip Hop ,"Tyler, The Creator ",94917
"I am 18, 19, 20, 21, 22, 23, or 24 years old",1,Dance Pop,Taylor Swift,20913
"I am 18, 19, 20, 21, 22, 23, or 24 years old",2,Pop Rap,Blackpink,20913
"I am 18, 19, 20, 21, 22, 23, or 24 years old",3,K-Pop,Ariana Grande,20913
"I am 18, 19, 20, 21, 22, 23, or 24 years old",4,Modern Rock,Black Bear ,20913
"I am 18, 19, 20, 21, 22, 23, or 24 years old",5,Social Media Pop,Nicki Minaj,20913
"I am 18, 19, 20, 21, 22, 23, or 24 years old",1,Dance Pop,Calvin Harris,12151
"I am 18, 19, 20, 21, 22, 23, or 24 years old",2,Motown,Surfaces,12151
"I am 18, 19, 20, 21, 22, 23, or 24 years old",3,Classic Rock,Saint Motel,12151
"I am 18, 19, 20, 21, 22, 23, or 24 years old",4,Pop Rock,Quinn Xcii,12151
"I am 18, 19, 20, 21, 22, 23, or 24 years old",5,Indie Pop,Maroon 5,12151
"I am 18, 19, 20, 21, 22, 23, or 24 years old",1,Dance Pop,Piano Relaxium,61942
"I am 18, 19, 20, 21, 22, 23, or 24 years old",2,Melodic Rap,Relaxium,61942
"I am 18, 19, 20, 21, 22, 23, or 24 years old",3,Florida Rap,Kodak Black,61942
"I am 18, 19, 20, 21, 22, 23, or 24 years old",4,Pop Rap,Piano Lovely,61942
"I am 18, 19, 20, 21, 22, 23, or 24 years old",5,Canadian Pop,John Mayer,61942
"I am 18, 19, 20, 21, 22, 23, or 24 years old",1,Dance Pop,Dance Gavin Dance,42546
"I am 18, 19, 20, 21, 22, 23, or 24 years old",2,Emo,Blackbear,42546
"I am 18, 19, 20, 21, 22, 23, or 24 years old",3,Pop Rap,Taylor Swift,42546
"I am 18, 19, 20, 21, 22, 23, or 24 years old",4,Modern Rock,All Time Low,42546
"I am 18, 19, 20, 21, 22, 23, or 24 years old",5,Electropop,Nf,42546
"I am 18, 19, 20, 21, 22, 23, or 24 years old",1,Indie Pop,Coldplay,8170
"I am 18, 19, 20, 21, 22, 23, or 24 years old",2,Indie Folk,Taylor Swift,8170
"I am 18, 19, 20, 21, 22, 23, or 24 years old",3,Modern Rock,Mxmtoon,8170
"I am 18, 19, 20, 21, 22, 23, or 24 years old",4,Permanent Wave,Phoebe Bridgers,8170
"I am 18, 19, 20, 21, 22, 23, or 24 years old",5,Dance Pop,Hozier,8170
"I am 18, 19, 20, 21, 22, 23, or 24 years old",1,Bro Soul,Billie Eilish ,186
"I am 18, 19, 20, 21, 22, 23, or 24 years old",2,Contemporary Jazz,,186
"I am 18, 19, 20, 21, 22, 23, or 24 years old",3,Jazz Saxophone,,186
"I am 18, 19, 20, 21, 22, 23, or 24 years old",4, ,,186
"I am 18, 19, 20, 21, 22, 23, or 24 years old",5, ,,186
"I am 18, 19, 20, 21, 22, 23, or 24 years old",1,Korean R&B,Stray Kids,33568
"I am 18, 19, 20, 21, 22, 23, or 24 years old",2,K-Pop,Dpr Live,33568
"I am 18, 19, 20, 21, 22, 23, or 24 years old",3,Dance Pop,Bts,33568
"I am 18, 19, 20, 21, 22, 23, or 24 years old",4,Lo-Fi Beats,Dean,33568
"I am 18, 19, 20, 21, 22, 23, or 24 years old",5,Chill R&B,Sza,33568
"I am 18, 19, 20, 21, 22, 23, or 24 years old",1,Modern Rock,Doja Cat,49907
"I am 18, 19, 20, 21, 22, 23, or 24 years old",2,Indie Pop,Post Malone ,49907
"I am 18, 19, 20, 21, 22, 23, or 24 years old",3,Dance Pop ,Steely Dan,49907
"I am 18, 19, 20, 21, 22, 23, or 24 years old",4,Classic Rock,Tame Impala,49907
"I am 18, 19, 20, 21, 22, 23, or 24 years old",5,Disco,Daft Punk,49907
"I am 18, 19, 20, 21, 22, 23, or 24 years old",1,Indie Pop,Nicki Minaj,53471
"I am 18, 19, 20, 21, 22, 23, or 24 years old",2,Dance Pop,The Neighbourhood ,53471
"I am 18, 19, 20, 21, 22, 23, or 24 years old",3,Bedroom Pop,Beach House,53471
"I am 18, 19, 20, 21, 22, 23, or 24 years old",4,Indie Rock,Phoebe Bridgers,53471
"I am 18, 19, 20, 21, 22, 23, or 24 years old",5,Dream Pop,Rihanna,53471
"I am 18, 19, 20, 21, 22, 23, or 24 years old",1,Lo-Fi Beats,Corpse,33110
"I am 18, 19, 20, 21, 22, 23, or 24 years old",2,Indie Pop,Megan Thee Stallion,33110
"I am 18, 19, 20, 21, 22, 23, or 24 years old",3,Pop Rap,Glass Animals,33110
"I am 18, 19, 20, 21, 22, 23, or 24 years old",4,Lo-Fi Chill,Mitski,33110
"I am 18, 19, 20, 21, 22, 23, or 24 years old",5,Indie Poptimism,Kendrick Lamar,33110
"I am 18, 19, 20, 21, 22, 23, or 24 years old",1,Dance Pop,Kanye West,31644
"I am 18, 19, 20, 21, 22, 23, or 24 years old",2,Video Game Music,Still Woozy,31644
"I am 18, 19, 20, 21, 22, 23, or 24 years old",3,Pop Rap,J Cole,31644
"I am 18, 19, 20, 21, 22, 23, or 24 years old",4,Indie Pop,T-Pain,31644
"I am 18, 19, 20, 21, 22, 23, or 24 years old",5,Indie Rock,Mariah Carey ,31644
"I am 18, 19, 20, 21, 22, 23, or 24 years old",1,K-Pop,Bts,53846
"I am 18, 19, 20, 21, 22, 23, or 24 years old",2,Dance Pop,Ariana Grande,53846
"I am 18, 19, 20, 21, 22, 23, or 24 years old",3,Korean R&B,Agust D,53846
"I am 18, 19, 20, 21, 22, 23, or 24 years old",4,Chill R&B,Doja Cat,53846
"I am 18, 19, 20, 21, 22, 23, or 24 years old",5,Reggaeton,Joji,53846
"I am 18, 19, 20, 21, 22, 23, or 24 years old",1,Anime,Vi Seconds,3150
"I am 18, 19, 20, 21, 22, 23, or 24 years old",2,Anime Rap,Lucky Chops,3150
"I am 18, 19, 20, 21, 22, 23, or 24 years old",3,Dance Pop,Shofu,3150
"I am 18, 19, 20, 21, 22, 23, or 24 years old",4,Brass Band,Insaneintherain,3150
"I am 18, 19, 20, 21, 22, 23, or 24 years old",5,Otacore,Quinn Xcii,3150
I am 25 years old or older,1,,John Mayer,54897
I am 25 years old or older,2,,The Beatles ,54897
I am 25 years old or older,3,,Chaka Khan ,54897
I am 25 years old or older,4,,Ed Sheeran ,54897
I am 25 years old or older,5,,Elton John ,54897
"I am 18, 19, 20, 21, 22, 23, or 24 years old",1,J-Pop,Bts,32569
"I am 18, 19, 20, 21, 22, 23, or 24 years old",2,K-Pop,Persona 5 Original Sound Track,32569
"I am 18, 19, 20, 21, 22, 23, or 24 years old",3,Video Game Music,Nobuo Uematsu,32569
"I am 18, 19, 20, 21, 22, 23, or 24 years old",4,Future Bass ,Eve,32569
"I am 18, 19, 20, 21, 22, 23, or 24 years old",5,Lo-Fi,Yoasobi,32569
"I am 18, 19, 20, 21, 22, 23, or 24 years old",1,Dance Pop,Grandson,103227
"I am 18, 19, 20, 21, 22, 23, or 24 years old",2,Modern Alternative Rock,Nothing But Thieves,103227
"I am 18, 19, 20, 21, 22, 23, or 24 years old",3,Indie Poptimism ,Glass Animals,103227
"I am 18, 19, 20, 21, 22, 23, or 24 years old",4,Modern Rock,Taylor Swift,103227
"I am 18, 19, 20, 21, 22, 23, or 24 years old",5,Electropop,Lil Nas X,103227
"I am 18, 19, 20, 21, 22, 23, or 24 years old",1,J-Pop,I Dont Know How But They Found Me,34059
"I am 18, 19, 20, 21, 22, 23, or 24 years old",2,Classic Rock,Tally Hall,34059
"I am 18, 19, 20, 21, 22, 23, or 24 years old",3,Indie Pop,"Tyler, The Creator",34059
"I am 18, 19, 20, 21, 22, 23, or 24 years old",4,K-Pop,Mother Mother,34059
"I am 18, 19, 20, 21, 22, 23, or 24 years old",5,Dance Pop,Teddy Hyde,34059
"I am 18, 19, 20, 21, 22, 23, or 24 years old",1,Dance Pop,The Beatles ,36704
"I am 18, 19, 20, 21, 22, 23, or 24 years old",2,Classic Rock,Katy Perry ,36704
"I am 18, 19, 20, 21, 22, 23, or 24 years old",3,Soul,The Strokes,36704
"I am 18, 19, 20, 21, 22, 23, or 24 years old",4,Indie Rock,Bo Burnham,36704
"I am 18, 19, 20, 21, 22, 23, or 24 years old",5,Alternative Hip Hop,The Lemon Twigs,36704
"I am 18, 19, 20, 21, 22, 23, or 24 years old",1,Indie Pop,Kaleo ,78005
"I am 18, 19, 20, 21, 22, 23, or 24 years old",2,Dance Pop,Taylor Swift ,78005
"I am 18, 19, 20, 21, 22, 23, or 24 years old",3,Indie Folk,Day Suleiman,78005
"I am 18, 19, 20, 21, 22, 23, or 24 years old",4,Neosoul,Bon Iver ,78005
"I am 18, 19, 20, 21, 22, 23, or 24 years old",5,Alternative Rock ,Lily Moore ,78005
"I am 18, 19, 20, 21, 22, 23, or 24 years old",1,Dance Pop,Nicki Minaj,54017
"I am 18, 19, 20, 21, 22, 23, or 24 years old",2, Art Pop,Doja Cat,54017
"I am 18, 19, 20, 21, 22, 23, or 24 years old",3,Electropop,Ariana Grande,54017
"I am 18, 19, 20, 21, 22, 23, or 24 years old",4,Canadian Pop,Billie Eilish ,54017
"I am 18, 19, 20, 21, 22, 23, or 24 years old",5,Ether Pop,Halsey,54017
"I am 18, 19, 20, 21, 22, 23, or 24 years old",1,Showtunes,Joji,20274
"I am 18, 19, 20, 21, 22, 23, or 24 years old",2,Dance Pop,Tame Impala,20274
"I am 18, 19, 20, 21, 22, 23, or 24 years old",3,Worship,Hillsong United,20274
"I am 18, 19, 20, 21, 22, 23, or 24 years old",4,Indie Pop,Wallows,20274
"I am 18, 19, 20, 21, 22, 23, or 24 years old",5,Contemporary Country ,Billie Eilish ,20274
"I am 18, 19, 20, 21, 22, 23, or 24 years old",1,Future Bass,Porter Robinson ,5224
"I am 18, 19, 20, 21, 22, 23, or 24 years old",2,Japanese Instrumental,Ado,5224
"I am 18, 19, 20, 21, 22, 23, or 24 years old",3,Lo-Fi,Billie Eilish,5224
"I am 18, 19, 20, 21, 22, 23, or 24 years old",4,Dance Pop,Biosphere ,5224
"I am 18, 19, 20, 21, 22, 23, or 24 years old",5,Anime,Ariana Grande,5224
"I am 18, 19, 20, 21, 22, 23, or 24 years old",1,Dance Pop,Taylor Swift,36227
"I am 18, 19, 20, 21, 22, 23, or 24 years old",2,Indie Pop,The Weeknd,36227
"I am 18, 19, 20, 21, 22, 23, or 24 years old",3,Classic Rock,Billie Eilish ,36227
"I am 18, 19, 20, 21, 22, 23, or 24 years old",4,K-Pop,Frank Ocean,36227
"I am 18, 19, 20, 21, 22, 23, or 24 years old",5,Pop Rap,Khalid ,36227
"I am 18, 19, 20, 21, 22, 23, or 24 years old",1,Indie Pop,Christopher Larkin,23114
"I am 18, 19, 20, 21, 22, 23, or 24 years old",2,Lo-Fi Beats,King Princess,23114
"I am 18, 19, 20, 21, 22, 23, or 24 years old",3,Modern Rock,Hozier,23114
"I am 18, 19, 20, 21, 22, 23, or 24 years old",4,Soundtrack,Hayley Kiyoko,23114
"I am 18, 19, 20, 21, 22, 23, or 24 years old",5,Dance Pop,Rainbow Kitten Surprise ,23114
"I am 18, 19, 20, 21, 22, 23, or 24 years old",1,Pop Rap,Tame Impala,68515
"I am 18, 19, 20, 21, 22, 23, or 24 years old",2,Dance Pop,Kid Cudi,68515
"I am 18, 19, 20, 21, 22, 23, or 24 years old",3,Melodic Rap,Brockhampton,68515
"I am 18, 19, 20, 21, 22, 23, or 24 years old",4,Alternative Hip Hop,Post Malone,68515
"I am 18, 19, 20, 21, 22, 23, or 24 years old",5,Neo-Psychedelic,Tory Lanez,68515
"I am 18, 19, 20, 21, 22, 23, or 24 years old",1,Dance Pop,Ed Sheeran ,41922
"I am 18, 19, 20, 21, 22, 23, or 24 years old",2,Reggaeton ,J Balvin ,41922
"I am 18, 19, 20, 21, 22, 23, or 24 years old",3,Persian Pop,Kendji Girac,41922
"I am 18, 19, 20, 21, 22, 23, or 24 years old",4,Pop Rap,Gims,41922
"I am 18, 19, 20, 21, 22, 23, or 24 years old",5,Uk Rap,Maluma,41922
"I am 18, 19, 20, 21, 22, 23, or 24 years old",1,Dance Pop,Sleeping At Last,31272
"I am 18, 19, 20, 21, 22, 23, or 24 years old",2,K-Pop,Yu-Peng Chen,31272
"I am 18, 19, 20, 21, 22, 23, or 24 years old",3,Classical Piano,Day6,31272
"I am 18, 19, 20, 21, 22, 23, or 24 years old",4,Soundtrack,Olivia Rodrigo,31272
"I am 18, 19, 20, 21, 22, 23, or 24 years old",5,Pop Rock,Hoyo-Mix,31272
"I am 18, 19, 20, 21, 22, 23, or 24 years old",1,Indie Pop ,Lovejoy,18899
"I am 18, 19, 20, 21, 22, 23, or 24 years old",2,Dream Smp ,Mother Mother ,18899
"I am 18, 19, 20, 21, 22, 23, or 24 years old",3,Indie Folk ,Wilbur Soot,18899
"I am 18, 19, 20, 21, 22, 23, or 24 years old",4,Steampunk,Cavetown ,18899
"I am 18, 19, 20, 21, 22, 23, or 24 years old",5,Weirdcore,Lemon Demon,18899
"I am 18, 19, 20, 21, 22, 23, or 24 years old",1,Dance Pop,Doja Cat ,45071
"I am 18, 19, 20, 21, 22, 23, or 24 years old",2,Desi Pop,Mitski,45071
"I am 18, 19, 20, 21, 22, 23, or 24 years old",3,Indie Pop,Pinkpantheress,45071
"I am 18, 19, 20, 21, 22, 23, or 24 years old",4,Nepali Pop,Bartika Eam Rai,45071
"I am 18, 19, 20, 21, 22, 23, or 24 years old",5,Electropop,Marina,45071
I am 25 years old or older,1,Dance Pop,Lizzo,2119
I am 25 years old or older,2,Glitchcore,Bruno Mars,2119
I am 25 years old or older,3,J-Pop,Lionel Richie,2119
I am 25 years old or older,4,Motown,Doja Cat,2119
I am 25 years old or older,5,Conscious Hip Hop,Bo Burnham,2119
"I am 18, 19, 20, 21, 22, 23, or 24 years old",1,K-Pop,Day6,48759
"I am 18, 19, 20, 21, 22, 23, or 24 years old",2,Dance Pop,Ariana Grande,48759
"I am 18, 19, 20, 21, 22, 23, or 24 years old",3,Korean R&B,Yerin Baek,48759
"I am 18, 19, 20, 21, 22, 23, or 24 years old",4,Anime,Sam Kim,48759
"I am 18, 19, 20, 21, 22, 23, or 24 years old",5,Boy Band,Taeyeon,48759
"I am 18, 19, 20, 21, 22, 23, or 24 years old",1,Dance Pop,Lany,7049
"I am 18, 19, 20, 21, 22, 23, or 24 years old",2,Lo-Fi Beats,Niki,7049
"I am 18, 19, 20, 21, 22, 23, or 24 years old",3,K-Pop,Ariana Grande,7049
"I am 18, 19, 20, 21, 22, 23, or 24 years old",4,Chill R&B,Jeremy Zucker,7049
"I am 18, 19, 20, 21, 22, 23, or 24 years old",5,Electropop,Keshi,7049
"I am 18, 19, 20, 21, 22, 23, or 24 years old",1,Classic Rock,Grateful Dead,56830
"I am 18, 19, 20, 21, 22, 23, or 24 years old",2,Comedy,Van Halen,56830
"I am 18, 19, 20, 21, 22, 23, or 24 years old",3,Gangster Rap,Led Zeppelin,56830
"I am 18, 19, 20, 21, 22, 23, or 24 years old",4,Blues Rock ,The Beatles ,56830
"I am 18, 19, 20, 21, 22, 23, or 24 years old",5,Jam Band,Steely Dan,56830
"I am 18, 19, 20, 21, 22, 23, or 24 years old",1,Dance Pop,Olivia Rodrigo,21738
"I am 18, 19, 20, 21, 22, 23, or 24 years old",2,Showtunes,Little Mix,21738
"I am 18, 19, 20, 21, 22, 23, or 24 years old",3,Praise,Ariana Grande,21738
"I am 18, 19, 20, 21, 22, 23, or 24 years old",4,Chill R&B,Taylor Swift,21738
"I am 18, 19, 20, 21, 22, 23, or 24 years old",5,Opm,Shawn Mendez,21738
"I am 18, 19, 20, 21, 22, 23, or 24 years old",1,Indie Pop,The Police,13338
"I am 18, 19, 20, 21, 22, 23, or 24 years old",2,Dance Pop,Taylor Swift,13338
"I am 18, 19, 20, 21, 22, 23, or 24 years old",3,French Pop,Her’S,13338
"I am 18, 19, 20, 21, 22, 23, or 24 years old",4,Italian Pop,Måneskin,13338
"I am 18, 19, 20, 21, 22, 23, or 24 years old",5,New Wave,Ricky Montgomery ,13338
"I am 18, 19, 20, 21, 22, 23, or 24 years old",1,K-Pop,Anson Seabra,12389
"I am 18, 19, 20, 21, 22, 23, or 24 years old",2,Dance Pop,Post Malone,12389
"I am 18, 19, 20, 21, 22, 23, or 24 years old",3,Korean R&B,Lauv,12389
"I am 18, 19, 20, 21, 22, 23, or 24 years old",4,J-Pop,Keshi,12389
"I am 18, 19, 20, 21, 22, 23, or 24 years old",5,Electropop,Zico,12389
"I am 18, 19, 20, 21, 22, 23, or 24 years old",1,Dance Pop,Ariana Grande,18890
"I am 18, 19, 20, 21, 22, 23, or 24 years old",2,Emo,Doja Cat,18890
"I am 18, 19, 20, 21, 22, 23, or 24 years old",3,Indie Pop,Mother Mother,18890
"I am 18, 19, 20, 21, 22, 23, or 24 years old",4,J-Pop,Mori Calliope ,18890
"I am 18, 19, 20, 21, 22, 23, or 24 years old",5,Modern Rock,Twenty One Pilots ,18890
"I am 18, 19, 20, 21, 22, 23, or 24 years old",1,K-Pop,Lany,109951
"I am 18, 19, 20, 21, 22, 23, or 24 years old",2,Indie Pop,Jeremy Zucker,109951
"I am 18, 19, 20, 21, 22, 23, or 24 years old",3,Korean R&B,Ariana Grande,109951
"I am 18, 19, 20, 21, 22, 23, or 24 years old",4,Dance Pop,Lorde,109951
"I am 18, 19, 20, 21, 22, 23, or 24 years old",5,Chill R&B,Keshi,109951
I am 25 years old or older,1,Indiesoul,H E R M I T,30720
I am 25 years old or older,2,Dance Pop,Tom Hillenbrand,30720
I am 25 years old or older,3,Slaphouse,Jsunt,30720
I am 25 years old or older,4,Neosoul,Jungle,30720
I am 25 years old or older,5,Chill Hop,Hayley Williams,30720
I am 25 years old or older,1,Metalcore,H E R M I T,32837
I am 25 years old or older,2,Alternative Metal,Jsunt ,32837
I am 25 years old or older,3,Chill Hop,Limp Bizkit,32837
I am 25 years old or older,4,Dance Pop,Sylar,32837
I am 25 years old or older,5,Lo-Fi Beats,Linkin Park,32837
"I am 18, 19, 20, 21, 22, 23, or 24 years old",1,Dance Pop,K Flay,30233
"I am 18, 19, 20, 21, 22, 23, or 24 years old",2,Electropop ,Kate Bush,30233
"I am 18, 19, 20, 21, 22, 23, or 24 years old",3,Pop Rap,Childish Gambino ,30233
"I am 18, 19, 20, 21, 22, 23, or 24 years old",4,Indie Pop,Willow,30233
"I am 18, 19, 20, 21, 22, 23, or 24 years old",5,Alternative Hip Hop,Doja Cat,30233
I am 25 years old or older,1,J-Rock,Wagakkiband,29581
I am 25 years old or older,2,Dance Pop,Kesha,29581
I am 25 years old or older,3,Pop Punk,My Chemical Romance,29581
I am 25 years old or older,4,Country Road,Superfly,29581
I am 25 years old or older,5,Alternative Metal,Fall Out Boy,29581
"I am 18, 19, 20, 21, 22, 23, or 24 years old",1,Reggaeton,Bad Bunny,37655
"I am 18, 19, 20, 21, 22, 23, or 24 years old",2,Dance Pop,Kali Uchis,37655
"I am 18, 19, 20, 21, 22, 23, or 24 years old",3,Salsa,Doja Cat,37655
"I am 18, 19, 20, 21, 22, 23, or 24 years old",4,Trap Queen,Megan Thee Stallion,37655
"I am 18, 19, 20, 21, 22, 23, or 24 years old",5,Corrido,Brent Faiyaz,37655
"I am 18, 19, 20, 21, 22, 23, or 24 years old",1,Dance Pop,Taylor Swift,112965
"I am 18, 19, 20, 21, 22, 23, or 24 years old",2,Indie Pop,Sleeping At Last,112965
"I am 18, 19, 20, 21, 22, 23, or 24 years old",3,Pop Rock,Lorde,112965
"I am 18, 19, 20, 21, 22, 23, or 24 years old",4,Indie Poptimism,Maisie Peters,112965
"I am 18, 19, 20, 21, 22, 23, or 24 years old",5,Alternative R&B,Olivia Rodrigo,112965
"I am 18, 19, 20, 21, 22, 23, or 24 years old",1,Dance Pop,Taylor Swift ,16771
"I am 18, 19, 20, 21, 22, 23, or 24 years old",2,Modern Rock ,Ariana Grande ,16771
"I am 18, 19, 20, 21, 22, 23, or 24 years old",3,Electropop,Ajr,16771
"I am 18, 19, 20, 21, 22, 23, or 24 years old",4,Social Media Pop,Halsey ,16771
"I am 18, 19, 20, 21, 22, 23, or 24 years old",5,Pop Rap,Olivia Rodrigo ,16771
"I am 18, 19, 20, 21, 22, 23, or 24 years old",1,Punk,Ajr,48100
"I am 18, 19, 20, 21, 22, 23, or 24 years old",2,Modern Rock,Tally Hall,48100
"I am 18, 19, 20, 21, 22, 23, or 24 years old",3,Indie Rock,Glass Animals,48100
"I am 18, 19, 20, 21, 22, 23, or 24 years old",4,Indie Pop,Weezer,48100
"I am 18, 19, 20, 21, 22, 23, or 24 years old",5,Emo,Green Day,48100
"I am 18, 19, 20, 21, 22, 23, or 24 years old",1,Pop Punk,Machine Gun Kelly,34044
"I am 18, 19, 20, 21, 22, 23, or 24 years old",2,Indie Pop,Yungblud,34044
"I am 18, 19, 20, 21, 22, 23, or 24 years old",3,Midwest Emo,Waterparks,34044
"I am 18, 19, 20, 21, 22, 23, or 24 years old",4,Classic Rock,Mxmtoon,34044
"I am 18, 19, 20, 21, 22, 23, or 24 years old",5,Bubblegrunge,All Time Low,34044
"I am 18, 19, 20, 21, 22, 23, or 24 years old",1,Dance Pop ,Doja Cat,25611
"I am 18, 19, 20, 21, 22, 23, or 24 years old",2,Indie Pop,Bad Bunny,25611
"I am 18, 19, 20, 21, 22, 23, or 24 years old",3,Electropop ,Phoebe Bridgers ,25611
"I am 18, 19, 20, 21, 22, 23, or 24 years old",4,Emo Rap,Illenium,25611
"I am 18, 19, 20, 21, 22, 23, or 24 years old",5,Reggaeton,Terror Jr,25611
"I am 18, 19, 20, 21, 22, 23, or 24 years old",1,Indie Pop ,"Tyler, The Creator",44439
"I am 18, 19, 20, 21, 22, 23, or 24 years old",2,Dance Pop ,Phoebe Bridgers,44439
"I am 18, 19, 20, 21, 22, 23, or 24 years old",3,Indie Rock,Mitski,44439
"I am 18, 19, 20, 21, 22, 23, or 24 years old",4,Classic Rock,Mother Mother,44439
"I am 18, 19, 20, 21, 22, 23, or 24 years old",5,Alternative Hip Hop,Clairo,44439
"I am 18, 19, 20, 21, 22, 23, or 24 years old",1,Beatlesque,The Beatles,22979
"I am 18, 19, 20, 21, 22, 23, or 24 years old",2,Dance Pop,Bo Burnham,22979
"I am 18, 19, 20, 21, 22, 23, or 24 years old",3,Indie Pop,Matt Maltese,22979
"I am 18, 19, 20, 21, 22, 23, or 24 years old",4,Pop Punk,Luke Hemmings,22979
"I am 18, 19, 20, 21, 22, 23, or 24 years old",5,Classic Rock,The 1975,22979
"I am 18, 19, 20, 21, 22, 23, or 24 years old",1,Dance Pop,Taylor Swift,20423
"I am 18, 19, 20, 21, 22, 23, or 24 years old",2,Pop Rock,Ed Sheeran,20423
"I am 18, 19, 20, 21, 22, 23, or 24 years old",3,Uk-Pop,Ingrid Michaelson,20423
"I am 18, 19, 20, 21, 22, 23, or 24 years old",4,Soundtrack,Dresses,20423
"I am 18, 19, 20, 21, 22, 23, or 24 years old",5,Showtunes,Lewis Capaldi,20423
"I am 18, 19, 20, 21, 22, 23, or 24 years old",1,Canadian Hip Hop,Drake,38770
"I am 18, 19, 20, 21, 22, 23, or 24 years old",2,Pop Rap,Kanye West,38770
"I am 18, 19, 20, 21, 22, 23, or 24 years old",3,Chicago Rap,Young Thug ,38770
"I am 18, 19, 20, 21, 22, 23, or 24 years old",4,Alternative Hip Hop,Young Stoner Life ,38770
"I am 18, 19, 20, 21, 22, 23, or 24 years old",5,Atl Hip Hop,Dj Khaled,38770
"I am 18, 19, 20, 21, 22, 23, or 24 years old",1,Indie Rock,Notorious B.I.G.,24983
"I am 18, 19, 20, 21, 22, 23, or 24 years old",2,Underground Hip Hop,"Tyler, The Creator",24983
"I am 18, 19, 20, 21, 22, 23, or 24 years old",3,Dance Pop,Sza,24983
"I am 18, 19, 20, 21, 22, 23, or 24 years old",4,Indie Pop,Doja Cat ,24983
"I am 18, 19, 20, 21, 22, 23, or 24 years old",5,Gangster Rap,Radiator Hospital ,24983
"I am 18, 19, 20, 21, 22, 23, or 24 years old",1,Dance Pop,Taylor Swift,30094
"I am 18, 19, 20, 21, 22, 23, or 24 years old",2,Classic Rock ,The Beatles,30094
"I am 18, 19, 20, 21, 22, 23, or 24 years old",3,Kollywood ,One Direction,30094
"I am 18, 19, 20, 21, 22, 23, or 24 years old",4,Soundtrack ,Olivia Rodrigo,30094
"I am 18, 19, 20, 21, 22, 23, or 24 years old",5,Boy Band ,Lorde,30094
"I am 18, 19, 20, 21, 22, 23, or 24 years old",1,Dance Pop,Taylor Swift ,35356
"I am 18, 19, 20, 21, 22, 23, or 24 years old",2,Reggaeton ,Olivia Rodrigo,35356
"I am 18, 19, 20, 21, 22, 23, or 24 years old",3,Pop Rap ,Kanye West,35356
"I am 18, 19, 20, 21, 22, 23, or 24 years old",4,Pop Rock ,Justin Bieber ,35356
"I am 18, 19, 20, 21, 22, 23, or 24 years old",5,Chicago Rap ,Jordin Sparks,35356
"I am 18, 19, 20, 21, 22, 23, or 24 years old",1,Pop Punk,Still Woozy,38769
"I am 18, 19, 20, 21, 22, 23, or 24 years old",2,Math Rock,Hail The Sun,38769
"I am 18, 19, 20, 21, 22, 23, or 24 years old",3,Indie Rock,Paramore,38769
"I am 18, 19, 20, 21, 22, 23, or 24 years old",4,Modern Rock,Turnstile,38769
"I am 18, 19, 20, 21, 22, 23, or 24 years old",5,Comedy,La Dispute,38769
"I am 18, 19, 20, 21, 22, 23, or 24 years old",1,Dance Pop,Justin Bieber,90952
"I am 18, 19, 20, 21, 22, 23, or 24 years old",2,K-Pop,Bts,90952
"I am 18, 19, 20, 21, 22, 23, or 24 years old",3,Melodic Dubstep,Illenium,90952
"I am 18, 19, 20, 21, 22, 23, or 24 years old",4,Electropop,Khalid,90952
"I am 18, 19, 20, 21, 22, 23, or 24 years old",5,Progressive House,Dabin,90952
"I am 18, 19, 20, 21, 22, 23, or 24 years old",1,Dance Pop,The Vamps,31358
"I am 18, 19, 20, 21, 22, 23, or 24 years old",2,Boy Band,5 Seconds Of Summer ,31358
"I am 18, 19, 20, 21, 22, 23, or 24 years old",3,Emo,Jonas Brothers,31358
"I am 18, 19, 20, 21, 22, 23, or 24 years old",4,Post-Teen Pop,Little Mix,31358
"I am 18, 19, 20, 21, 22, 23, or 24 years old",5,Broadway ,Jack & Jack,31358
"I am 18, 19, 20, 21, 22, 23, or 24 years old",1,Pop Rap,Megan Thee Stallion ,31142
"I am 18, 19, 20, 21, 22, 23, or 24 years old",2,Alternative R&B,Doja Cat ,31142
"I am 18, 19, 20, 21, 22, 23, or 24 years old",3,Trap Queen ,Saweetie,31142
"I am 18, 19, 20, 21, 22, 23, or 24 years old",4,Lo-Fi Beats,Summer Walker ,31142
"I am 18, 19, 20, 21, 22, 23, or 24 years old",5,Dance Pop ,The Weeknd ,31142
"I am 18, 19, 20, 21, 22, 23, or 24 years old",1,Electropop ,Chelsea Cutler,2276
"I am 18, 19, 20, 21, 22, 23, or 24 years old",2,Dance Pop,Jeremy Zucker,2276
"I am 18, 19, 20, 21, 22, 23, or 24 years old",3,Opm,Quinn Xcii,2276
"I am 18, 19, 20, 21, 22, 23, or 24 years old",4,Pop Rock,James Tw,2276
"I am 18, 19, 20, 21, 22, 23, or 24 years old",5,Movie Tunes,Ed Sheeran,2276
"I am 18, 19, 20, 21, 22, 23, or 24 years old",1,Indie Folk,Harry Styles,59665
"I am 18, 19, 20, 21, 22, 23, or 24 years old",2,Indie Pop,Abba,59665
"I am 18, 19, 20, 21, 22, 23, or 24 years old",3,Classic Rock,Jack Johnson,59665
"I am 18, 19, 20, 21, 22, 23, or 24 years old",4,Vocal Jazz,Ray Lamontagne,59665
"I am 18, 19, 20, 21, 22, 23, or 24 years old",5,Neo Mellow,Modest Mouse,59665
I am 25 years old or older,1,Soundtrack,Central Park Cast,9455
I am 25 years old or older,2,Dance Pop,Bleachers,9455
I am 25 years old or older,3,Modern Rock,Cast of Zoey's Extraordinary Playlist,9455
I am 25 years old or older,4,Indie Pop,Twenty One Pilots,9455
I am 25 years old or older,5,Indie Rock,Vampire Weekend,9455
I am 25 years old or older,1,Indie Pop,Central Park Cast,37120
I am 25 years old or older,2,Stomp And Holler,Typhoon,37120
I am 25 years old or older,3,Indie Rock,Twenty One Pilots,37120
I am 25 years old or older,4,Dance Pop,Third Eye Blind,37120
I am 25 years old or older,5,Indie Folk,Bleachers,37120